{"meta":{},"pgs":{"value":0},"pgn":{"value":0},"reset":{},"preset":{},"bypass":{},"gs0":{"value":0},"gs1":{"value":0},"gs2":{"value":18.700000000000003},"gs3":{"value":16.700000000000003},"gs4":{"value":0},"gs5":{"value":20},"gs6":{"value":18.5},"gs7":{"value":0},"gs8":{"value":20},"gs9":{"value":0},"gn0":{"value":0},"gn1":{"value":0},"gn2":{"value":18.700000000000003},"gn3":{"value":16.700000000000003},"gn4":{"value":0},"gn5":{"value":20},"gn6":{"value":18.5},"gn7":{"value":0},"gn8":{"value":20},"gn9":{"value":0},"fs0":{"value":"Peak"},"fs9":{"value":"Peak"},"fn0":{"value":31},"fn1":{"value":62},"fn2":{"value":125},"fn3":{"value":250},"fn4":{"value":500},"fn5":{"value":1000},"fn6":{"value":2000},"fn7":{"value":4000},"fn8":{"value":8000},"fn9":{"value":16000},"qn0":{"value":1.4100000000000001},"qn1":{"value":1.4100000000000001},"qn2":{"value":1.4100000000000001},"qn3":{"value":1.4100000000000001},"qn4":{"value":1.4100000000000001},"qn5":{"value":1.4100000000000001},"qn6":{"value":1.4100000000000001},"qn7":{"value":1.4100000000000001},"qn8":{"value":1.4100000000000001},"qn9":{"value":1.41}}